,Metric,sil,db,ch,sil_dist,db_dist,ch_dist,total_dist,Model
0,Best Overall,0.3132103980938866,1.2033948098265688,320.5493505476072,0.0,0.15593352222889223,0.0933148810191529,0.24924840324804515,Cosine_8_kmenas
1,Best Silhouette,0.3132103980938866,1.2033948098265688,320.5493505476072,0.0,0.15593352222889223,0.0933148810191529,0.24924840324804515,Cosine_8_kmenas
2,Best Davies-Bouldin,0.2232710242787418,1.0937166022787066,12.900707449423884,0.33170682635423093,0.0,1.0,1.3317068263542309,Cosine_4_agg
3,Best Calinski-Harabasz,0.26033324003219604,1.264045370064771,352.212158203125,0.19501708254411837,0.24216264371568666,0.0,0.43717972625980506,Gower_4_kmenas
